{
  "overall": {
    "n": 81,
    "em": 0.19753086419753085,
    "f1": 0.3794065404931255,
    "bleu1": 0.34071739301352794,
    "judge": null
  },
  "by_category": {
    "multi-hop": {
      "n": 16,
      "em": 0.125,
      "f1": 0.23924804580584333,
      "bleu1": 0.21138343253968253,
      "judge": null
    },
    "temporal": {
      "n": 13,
      "em": 0.0,
      "f1": 0.4293206793206793,
      "bleu1": 0.35975395083569,
      "judge": null
    },
    "open-domain": {
      "n": 3,
      "em": 0.0,
      "f1": 0.0,
      "bleu1": 0.0,
      "judge": null
    },
    "single-hop": {
      "n": 49,
      "em": 0.2857142857142857,
      "f1": 0.43515902481389473,
      "bleu1": 0.3987586235223851,
      "judge": null
    }
  }
}
