{
  "overall": {
    "n": 81,
    "em": 0.19753086419753085,
    "f1": 0.4101294372807009,
    "bleu1": 0.3641676739092259,
    "judge": null
  },
  "by_category": {
    "multi-hop": {
      "n": 16,
      "em": 0.125,
      "f1": 0.30343161740220564,
      "bleu1": 0.2688510923588806,
      "judge": null
    },
    "temporal": {
      "n": 13,
      "em": 0.0,
      "f1": 0.4615384615384615,
      "bleu1": 0.37853319070595454,
      "judge": null
    },
    "open-domain": {
      "n": 3,
      "em": 0.0,
      "f1": 0.0,
      "bleu1": 0.0,
      "judge": null
    },
    "single-hop": {
      "n": 49,
      "em": 0.2857142857142857,
      "f1": 0.45644037839390783,
      "bleu1": 0.4137761761168938,
      "judge": null
    }
  }
}
