{
  "overall": {
    "n": 81,
    "em": 0.18518518518518517,
    "f1": 0.38678332603474047,
    "bleu1": 0.34858822442603277,
    "judge": null
  },
  "by_category": {
    "multi-hop": {
      "n": 16,
      "em": 0.0,
      "f1": 0.13189935064935063,
      "bleu1": 0.09872657505911588,
      "judge": null
    },
    "temporal": {
      "n": 13,
      "em": 0.0,
      "f1": 0.3897435897435897,
      "bleu1": 0.3131019301480785,
      "judge": null
    },
    "open-domain": {
      "n": 3,
      "em": 0.0,
      "f1": 0.0,
      "bleu1": 0.0,
      "judge": null
    },
    "single-hop": {
      "n": 49,
      "em": 0.30612244897959184,
      "f1": 0.49290598228076943,
      "bleu1": 0.4609325690946485,
      "judge": null
    }
  }
}
