{
  "overall": {
    "n": 81,
    "em": 0.18518518518518517,
    "f1": 0.36730327400126367,
    "bleu1": 0.3280980189098872,
    "judge": null
  },
  "by_category": {
    "multi-hop": {
      "n": 16,
      "em": 0.0,
      "f1": 0.09404947787581375,
      "bleu1": 0.06319507899612374,
      "judge": null
    },
    "temporal": {
      "n": 13,
      "em": 0.0,
      "f1": 0.3897435897435897,
      "bleu1": 0.3131019301480785,
      "judge": null
    },
    "open-domain": {
      "n": 3,
      "em": 0.0,
      "f1": 0.0,
      "bleu1": 0.0,
      "judge": null
    },
    "single-hop": {
      "n": 49,
      "em": 0.30612244897959184,
      "f1": 0.47306340574331984,
      "bleu1": 0.4386631260375074,
      "judge": null
    }
  }
}
