{
  "overall": {
    "n": 81,
    "em": 0.19753086419753085,
    "f1": 0.38605324537121083,
    "bleu1": 0.34742633186840144,
    "judge": null
  },
  "by_category": {
    "multi-hop": {
      "n": 16,
      "em": 0.125,
      "f1": 0.3049648064353947,
      "bleu1": 0.2725713304541187,
      "judge": null
    },
    "temporal": {
      "n": 13,
      "em": 0.0,
      "f1": 0.40734265734265734,
      "bleu1": 0.35117202159921196,
      "judge": null
    },
    "open-domain": {
      "n": 3,
      "em": 0.0,
      "f1": 0.0,
      "bleu1": 0.0,
      "judge": null
    },
    "single-hop": {
      "n": 49,
      "em": 0.2857142857142857,
      "f1": 0.4305188046254534,
      "bleu1": 0.39214602680173194,
      "judge": null
    }
  }
}
