{
  "overall": {
    "n": 1307,
    "em": 0.1530221882172915,
    "f1": 0.35235802972647984,
    "bleu1": 0.29092323833871614,
    "judge": 0.423106350420811
  },
  "by_category": {
    "multi-hop": {
      "n": 238,
      "em": 0.10084033613445378,
      "f1": 0.3550169027158496,
      "bleu1": 0.28613193305601775,
      "judge": 0.37815126050420167
    },
    "temporal": {
      "n": 279,
      "em": 0.06093189964157706,
      "f1": 0.3240406357654952,
      "bleu1": 0.26332628377593,
      "judge": 0.3118279569892473
    },
    "open-domain": {
      "n": 85,
      "em": 0.058823529411764705,
      "f1": 0.1522426790497384,
      "bleu1": 0.09671335468250727,
      "judge": 0.3411764705882353
    },
    "single-hop": {
      "n": 705,
      "em": 0.21843971631205675,
      "f1": 0.38679426511820714,
      "bleu1": 0.326877452652301,
      "judge": 0.4921985815602837
    }
  }
}
