{
  "overall": {
    "n": 81,
    "em": 0.19753086419753085,
    "f1": 0.3920952602016557,
    "bleu1": 0.35184707349553546,
    "judge": null
  },
  "by_category": {
    "multi-hop": {
      "n": 16,
      "em": 0.125,
      "f1": 0.2952126305067482,
      "bleu1": 0.26397569444444446,
      "judge": null
    },
    "temporal": {
      "n": 13,
      "em": 0.0,
      "f1": 0.4293206793206793,
      "bleu1": 0.35975395083569,
      "judge": null
    },
    "open-domain": {
      "n": 3,
      "em": 0.0,
      "f1": 0.08333333333333333,
      "bleu1": 0.05704634655917689,
      "judge": null
    },
    "single-hop": {
      "n": 49,
      "em": 0.2857142857142857,
      "f1": 0.4327580644297411,
      "bleu1": 0.39649104982624,
      "judge": null
    }
  }
}
