{
  "overall": {
    "n": 81,
    "em": 0.16049382716049382,
    "f1": 0.37733301233283245,
    "bleu1": 0.31489719851149933,
    "judge": 0.48148148148148145
  },
  "by_category": {
    "multi-hop": {
      "n": 16,
      "em": 0.125,
      "f1": 0.35949526032824,
      "bleu1": 0.28977046738751716,
      "judge": 0.4375
    },
    "temporal": {
      "n": 13,
      "em": 0.0,
      "f1": 0.46703296703296704,
      "bleu1": 0.39065045098734136,
      "judge": 0.23076923076923078
    },
    "open-domain": {
      "n": 3,
      "em": 0.0,
      "f1": 0.0,
      "bleu1": 0.0,
      "judge": 0.6666666666666666
    },
    "single-hop": {
      "n": 49,
      "em": 0.22448979591836735,
      "f1": 0.3824616584138575,
      "bleu1": 0.3222834640488925,
      "judge": 0.5510204081632653
    }
  }
}
